numero_orden,numero_operacion,id_producto,producto_nombre,cantidad,fecha_extraccion,precio_extraccion_bien,precio_actual_tabla_mal,diferencia_precio,total_mal_calculado,total_bien_historico,diferencia_total_dinero
5898,167183,10361,Pintura galon 4Lt,2,2026-09-24 05:15:11.386157-04,5116,4568.00,-548.00,9136.00,10232,-1096.00
5895,167128,8060,Paño de cocina,4,2026-09-23 18:22:03.518236-04,358,320.00,-38.00,1280.00,1432,-152.00
5891,167038,7761,Extension de 10mm,1,2026-09-23 15:05:24.087923-04,5600,5000.00,-600.00,5000.00,5600,-600.00
5884,166635,10436,"Orquilla plástica ",2,2026-09-22 14:20:27.202676-04,1917,1500.00,-417.00,3000.00,3834,-834.00
5884,166635,8060,Paño de cocina,2,2026-09-22 14:20:27.202676-04,412,320.00,-92.00,640.00,824,-184.00
5881,166493,9024,Extension 1M 5 Salida gris,1,2026-09-22 08:53:26.546229-04,2240,2000.00,-240.00,2000.00,2240,-240.00
5879,166469,7986,Pulidora,2,2026-09-22 03:25:36.630711-04,25760,26300.00,540.00,52600.00,51520,1080.00
5878,166436,7815,Juego de destornillador con mango en T de 21 piezas,1,2026-09-21 18:56:43.750685-04,2240,2300.00,60.00,2300.00,2240,60.00
5877,166435,9024,Extension 1M 5 Salida gris,1,2026-09-21 18:50:45.530941-04,2240,2000.00,-240.00,2000.00,2240,-240.00
5874,166429,8067,Tomacorriente superficie,1,2026-09-21 18:10:08.508362-04,672,600.00,-72.00,600.00,672,-72.00
5874,166429,8065,Tomacorriente 20amp,1,2026-09-21 18:10:08.508362-04,2240,2000.00,-240.00,2000.00,2240,-240.00
5874,166429,9709,Arrocera eko,1,2026-09-21 18:10:08.508362-04,22400,22500.00,100.00,22500.00,22400,100.00
5871,166276,7552,Batidora,1,2026-09-21 14:02:38.420807-04,11200,11500.00,300.00,11500.00,11200,300.00
5871,166276,10651,Olla reina Rojas,1,2026-09-21 14:02:38.420807-04,44800,45700.00,900.00,45700.00,44800,900.00
5871,166276,9102,"Vasitos d Tragos ",3,2026-09-21 14:02:38.420807-04,2800,2500.00,-300.00,7500.00,8400,-900.00
5866,165882,8646,Tetera,4,2026-09-20 17:00:34.280244-04,168,150.00,-18.00,600.00,672,-72.00
5865,165874,9869,Equipo de musica Dusty,1,2026-09-20 16:25:07.668329-04,47040,48000.00,960.00,48000.00,47040,960.00
5861,165777,7634,Caja Descodificadora TV,1,2026-09-20 02:48:19.426582-04,16800,16000.00,-800.00,16000.00,16800,-800.00
5861,165777,7552,Batidora,1,2026-09-20 02:48:19.426582-04,11200,11500.00,300.00,11500.00,11200,300.00
5861,165777,9498,juego de llave vito grande,1,2026-09-20 02:48:19.426582-04,13440,13700.00,260.00,13700.00,13440,260.00
5861,165777,10381,"Maquina de afeitar ",2,2026-09-20 02:48:19.426582-04,560,500.00,-60.00,1000.00,1120,-120.00
5861,165777,8646,Tetera,2,2026-09-20 02:48:19.426582-04,168,150.00,-18.00,300.00,336,-36.00
5861,165777,7784,Isopo d Baño,1,2026-09-20 02:48:19.426582-04,1680,1500.00,-180.00,1500.00,1680,-180.00
5861,165777,8060,Paño de cocina,5,2026-09-20 02:48:19.426582-04,358,320.00,-38.00,1600.00,1790,-190.00
5861,165777,8590,Juego de 5 cacharras,1,2026-09-20 02:48:19.426582-04,2800,2500.00,-300.00,2500.00,2800,-300.00
5861,165777,7626,Cafetera eléctrica 6 tazas ajustable a 3,1,2026-09-20 02:48:19.426582-04,23520,24000.00,480.00,24000.00,23520,480.00
5859,165774,10381,"Maquina de afeitar ",1,2026-09-20 00:00:41.096488-04,560,500.00,-60.00,500.00,560,-60.00
5857,165760,10374,Lampara solar MAXI,1,2026-09-19 18:10:08.053701-04,8400,8500.00,100.00,8500.00,8400,100.00
5857,165760,10249,Cable solar,1,2026-09-19 18:10:08.053701-04,2352,2400.00,48.00,2400.00,2352,48.00
5856,165753,7784,Isopo d Baño,1,2026-09-19 17:44:17.612566-04,1680,1500.00,-180.00,1500.00,1680,-180.00
5856,165753,10284,"Cesped artificial ",0,2026-09-19 17:44:17.612566-04,7840,8000.00,160.00,0.00,0,0.00
5856,165753,8646,Tetera,1,2026-09-19 17:44:17.612566-04,168,150.00,-18.00,150.00,168,-18.00
5853,165622,7761,Extension de 10mm,1,2026-09-19 13:51:06.101891-04,5600,5000.00,-600.00,5000.00,5600,-600.00
5852,165582,10361,Pintura galon 4Lt,2,2026-09-19 12:36:45.272505-04,4480,4568.00,88.00,9136.00,8960,176.00
5850,165489,10484,Mazorca de taladro,1,2026-09-19 11:09:49.105788-04,16800,17000.00,200.00,17000.00,16800,200.00
5850,165489,8477,Fregadero con escurridor,1,2026-09-19 11:09:49.105788-04,24640,25000.00,360.00,25000.00,24640,360.00
5844,165421,7815,Juego de destornillador con mango en T de 21 piezas,1,2026-09-19 00:38:46.813557-04,2240,2300.00,60.00,2300.00,2240,60.00
5838,165213,8108,Ventilador plastico,1,2026-09-18 15:13:02.771516-04,22400,22856.00,456.00,22856.00,22400,456.00
5838,165213,7626,Cafetera eléctrica 6 tazas ajustable a 3,1,2026-09-18 15:13:02.771516-04,23520,24000.00,480.00,24000.00,23520,480.00
5838,165213,7541,Arrocera Gold,2,2026-09-18 15:13:02.771516-04,21280,21700.00,420.00,43400.00,42560,840.00
5838,165213,9709,Arrocera eko,2,2026-09-18 15:13:02.771516-04,22400,22500.00,100.00,45000.00,44800,200.00
5838,165213,9897,Freidora de aire digital 4L,1,2026-09-18 15:13:02.771516-04,39200,40000.00,800.00,40000.00,39200,800.00
5834,165102,9897,Freidora de aire digital 4L,1,2026-09-18 13:21:30.69833-04,39200,40000.00,800.00,40000.00,39200,800.00
5827,165058,8043,Taladro Bateria Coofix,1,2026-09-18 12:35:10.591457-04,25760,26300.00,540.00,26300.00,25760,540.00
5826,164919,7552,Batidora,1,2026-09-18 10:42:05.732935-04,11200,11500.00,300.00,11500.00,11200,300.00
5826,164919,8069,Tomacorriente universal,5,2026-09-18 10:42:05.732935-04,672,600.00,-72.00,3000.00,3360,-360.00
5826,164919,10010,Protector de voltaje 110 HWTB triple,1,2026-09-18 10:42:05.732935-04,6048,5400.00,-648.00,5400.00,6048,-648.00
5826,164919,8043,Taladro Bateria Coofix,1,2026-09-18 10:42:05.732935-04,25760,26300.00,540.00,26300.00,25760,540.00
5826,164919,8004,Resistencia 4 vueltas,1,2026-09-18 10:42:05.732935-04,5040,4500.00,-540.00,4500.00,5040,-540.00
5826,164919,7815,Juego de destornillador con mango en T de 21 piezas,2,2026-09-18 10:42:05.732935-04,2240,2300.00,60.00,4600.00,4480,120.00
5826,164919,9709,Arrocera eko,1,2026-09-18 10:42:05.732935-04,22400,22500.00,100.00,22500.00,22400,100.00
5825,164918,7817,Juego de Herramientas de 17 Piezas,1,2026-09-18 10:41:58.392677-04,13440,12000.00,-1440.00,12000.00,13440,-1440.00
5825,164918,9044,Tarraja o Set de Rosca,1,2026-09-18 10:41:58.392677-04,4480,4500.00,20.00,4500.00,4480,20.00
5825,164918,8066,Tomacorriente recto,20,2026-09-18 10:41:58.392677-04,560,500.00,-60.00,10000.00,11200,-1200.00
5825,164918,8065,Tomacorriente 20amp,3,2026-09-18 10:41:58.392677-04,2240,2000.00,-240.00,6000.00,6720,-720.00
5823,164768,8945,Spray Ambientador,2,2026-09-18 00:17:23.480832-04,2240,2300.00,60.00,4600.00,4480,120.00
5822,164756,9044,Tarraja o Set de Rosca,1,2026-09-17 23:07:45.777164-04,4480,4500.00,20.00,4500.00,4480,20.00
5822,164756,7552,Batidora,2,2026-09-17 23:07:45.777164-04,11200,11500.00,300.00,23000.00,22400,600.00
5822,164756,10615,"Batidora de cristal ",2,2026-09-17 23:07:45.777164-04,28000,28500.00,500.00,57000.00,56000,1000.00
5821,164752,10428,"Juego de taza dorada ",5,2026-09-17 22:49:38.034803-04,7840,8000.00,160.00,40000.00,39200,800.00
5817,164620,7552,Batidora,2,2026-09-17 15:49:53.577889-04,11200,11500.00,300.00,23000.00,22400,600.00
5817,164620,7665,Cautin Q7,2,2026-09-17 15:49:53.577889-04,2240,2300.00,60.00,4600.00,4480,120.00
5817,164620,8060,Paño de cocina,10,2026-09-17 15:49:53.577889-04,358,320.00,-38.00,3200.00,3580,-380.00
5812,164288,10568,"Galones de agua ",1,2026-09-17 10:59:36.734214-04,13440,12000.00,-1440.00,12000.00,13440,-1440.00
5809,164044,8108,Ventilador plastico,2,2026-09-16 18:55:15.025421-04,22400,22856.00,456.00,45712.00,44800,912.00
5808,164043,10615,"Batidora de cristal ",1,2026-09-16 18:53:32.059613-04,28000,28500.00,500.00,28500.00,28000,500.00
5808,164043,9366,ventilador recargable,1,2026-09-16 18:53:32.059613-04,47040,48000.00,960.00,48000.00,47040,960.00
5803,163976,8646,Tetera,2,2026-09-16 15:58:06.942731-04,168,150.00,-18.00,300.00,336,-36.00
5782,163401,9504,adaptador de toma en colores,1,2026-09-15 21:49:52.297904-04,1120,1000.00,-120.00,1000.00,1120,-120.00
5780,163356,9366,ventilador recargable,1,2026-09-15 19:17:03.324833-04,47040,48000.00,960.00,48000.00,47040,960.00
5768,163318,7849,LAMPARAS GRANDES 100 y120 W,1,2026-09-15 17:01:36.872894-04,37800,38600.00,800.00,38600.00,37800,800.00
5767,163312,7849,LAMPARAS GRANDES 100 y120 W,1,2026-09-15 16:57:58.316937-04,37800,38600.00,800.00,38600.00,37800,800.00
5760,163026,10249,Cable solar,20,2026-09-15 11:49:00.408542-04,2352,2400.00,48.00,48000.00,47040,960.00
5759,163020,8054,conector MC4,4,2026-09-15 11:38:34.045626-04,1680,1500.00,-180.00,6000.00,6720,-720.00
5759,163020,10428,"Juego de taza dorada ",1,2026-09-15 11:38:34.045626-04,7840,8000.00,160.00,8000.00,7840,160.00
5759,163020,9709,Arrocera eko,2,2026-09-15 11:38:34.045626-04,22400,22500.00,100.00,45000.00,44800,200.00
5758,162933,8069,Tomacorriente universal,1,2026-09-15 10:29:05.050971-04,672,600.00,-72.00,600.00,672,-72.00
5756,162850,8108,Ventilador plastico,1,2026-09-15 08:51:08.752216-04,22400,22856.00,456.00,22856.00,22400,456.00
5756,162850,9044,Tarraja o Set de Rosca,1,2026-09-15 08:51:08.752216-04,4480,4500.00,20.00,4500.00,4480,20.00
5756,162850,7547,Juego de barrena De tuteno Proefix,1,2026-09-15 08:51:08.752216-04,2016,2000.00,-16.00,2000.00,2016,-16.00
5756,162850,10479,"Probador de voltaje ",1,2026-09-15 08:51:08.752216-04,13440,13700.00,260.00,13700.00,13440,260.00
5756,162850,9279,Cautin Seal,1,2026-09-15 08:51:08.752216-04,3360,3500.00,140.00,3500.00,3360,140.00
5755,162821,7850,LAMPARAS GRANDES 200 W,1,2026-09-15 07:57:13.505349-04,52640,53712.00,1072.00,53712.00,52640,1072.00
5755,162821,9505,juego de llave vito chikita,1,2026-09-15 07:57:13.505349-04,11200,11500.00,300.00,11500.00,11200,300.00
5755,162821,10202,Caldero Lotus 40QT,1,2026-09-15 07:57:13.505349-04,44800,45712.00,912.00,45712.00,44800,912.00